iter	Logloss
0	0.3458619155
1	0.2891144091
